SET NAMES 'utf8';
USE programming_assignment_db;
DROP TABLE IF EXISTS posts;
DROP TABLE IF EXISTS post_comments;
DROP TABLE IF EXISTS users;
USE programming_assignment_db;
CREATE TABLE users (
  id int(11) NOT NULL AUTO_INCREMENT,
  name varchar(50) DEFAULT NULL,
  username varchar(50) DEFAULT NULL,
  email varchar(50) DEFAULT NULL,
  address__geo__lat double(10, 3) DEFAULT NULL,
  address__geo__lng double(10, 3) DEFAULT NULL,
  PRIMARY KEY (id)
)
ENGINE = INNODB,
AUTO_INCREMENT = 31,
AVG_ROW_LENGTH = 1638,
CHARACTER SET latin1,
COLLATE latin1_swedish_ci;
CREATE TABLE post_comments (
  postId int(11) DEFAULT NULL,
  id int(11) NOT NULL AUTO_INCREMENT,
  name varchar(100) DEFAULT NULL,
  email varchar(50) DEFAULT NULL,
  PRIMARY KEY (id)
)
ENGINE = INNODB,
AUTO_INCREMENT = 501,
AVG_ROW_LENGTH = 163,
CHARACTER SET latin1,
COLLATE latin1_swedish_ci;
CREATE TABLE posts (
  userId int(11) DEFAULT NULL,
  id int(11) NOT NULL AUTO_INCREMENT,
  title varchar(100) DEFAULT NULL,
  PRIMARY KEY (id)
)
ENGINE = INNODB,
AUTO_INCREMENT = 101,
AVG_ROW_LENGTH = 163,
CHARACTER SET latin1,
COLLATE latin1_swedish_ci;
INSERT INTO users VALUES
(21, 'Leanne Graham', NULL, 'Sincere@april.biz', NULL, NULL),
(22, 'Ervin Howell', NULL, 'Shanna@melissa.tv', NULL, NULL),
(23, 'Clementine Bauch', NULL, 'Nathan@yesenia.net', NULL, NULL),
(24, 'Patricia Lebsack', NULL, 'Julianne.OConner@kory.org', NULL, NULL),
(25, 'Chelsey Dietrich', NULL, 'Lucio_Hettinger@annie.ca', NULL, NULL),
(26, 'Mrs. Dennis Schulist', NULL, 'Karley_Dach@jasper.info', NULL, NULL),
(27, 'Kurtis Weissnat', NULL, 'Telly.Hoeger@billy.biz', NULL, NULL),
(28, 'Nicholas Runolfsdottir V', NULL, 'Sherwood@rosamond.me', NULL, NULL),
(29, 'Glenna Reichert', NULL, 'Chaim_McDermott@dana.io', NULL, NULL),
(30, 'Clementina DuBuque', NULL, 'Rey.Padberg@karina.biz', NULL, NULL);
INSERT INTO post_comments VALUES
(1, 1, 'id labore ex et quam laborum', 'Lucio_Hettinger@annie.ca'),
(1, 2, 'quo vero reiciendis velit similique earum', 'Sincere@april.biz'),
(1, 3, 'odio adipisci rerum aut animi', 'TeKaZ@fake.com'),
(1, 4, 'alias odio sit', 'ZbJBR@fake.com'),
(1, 5, 'vero eaque aliquid doloribus et culpa', '5mmfy@fake.com'),
(2, 6, 'et fugit eligendi deleniti quidem qui sint nihil autem', 'DKzug@fake.com'),
(2, 7, 'repellat consequatur praesentium vel minus molestias voluptatum', 'O2p5I@fake.com'),
(2, 8, 'et omnis dolorem', 'Lucio_Hettinger@annie.ca'),
(2, 9, 'provident id voluptas', 'Sincere@april.biz'),
(2, 10, 'eaque et deleniti atque tenetur ut quo ut', 'Julianne.OConner@kory.org'),
(3, 11, 'fugit labore quia mollitia quas deserunt nostrum sunt', 'PeJpK@fake.com'),
(3, 12, 'modi ut eos dolores illum nam dolor', 'SiUHj@fake.com'),
(3, 13, 'aut inventore non pariatur sit vitae voluptatem sapiente', 'ksEbn@fake.com'),
(3, 14, 'et officiis id praesentium hic aut ipsa dolorem repudiandae', 'KkmDy@fake.com'),
(3, 15, 'debitis magnam hic odit aut ullam nostrum tenetur', 'lU6v2@fake.com'),
(4, 16, 'perferendis temporibus delectus optio ea eum ratione dolorum', 'A3Ypt@fake.com'),
(4, 17, 'eos est animi quis', 'Sincere@april.biz'),
(4, 18, 'aut et tenetur ducimus illum aut nulla ab', 'UuO7T@fake.com'),
(4, 19, 'sed impedit rerum quia et et inventore unde officiis', 'xhSJo@fake.com'),
(4, 20, 'molestias expedita iste aliquid voluptates', 'lUUd3@fake.com'),
(5, 21, 'aliquid rerum mollitia qui a consectetur eum sed', 'rCIZ7@fake.com'),
(5, 22, 'porro repellendus aut tempore quis hic', 'Bciim@fake.com'),
(5, 23, 'quis tempora quidem nihil iste', '5Go4t@fake.com'),
(5, 24, 'in tempore eos beatae est', 'agmQr@fake.com'),
(5, 25, 'autem ab ea sit alias hic provident sit', '6LdMf@fake.com'),
(6, 26, 'in deleniti sunt provident soluta ratione veniam quam praesentium', 'vHKrr@fake.com'),
(6, 27, 'doloribus quibusdam molestiae amet illum', 'ApxRq@fake.com'),
(6, 28, 'quo voluptates voluptas nisi veritatis dignissimos dolores ut officiis', '07PIE@fake.com'),
(6, 29, 'eum distinctio amet dolor', 'Julianne.OConner@kory.org'),
(6, 30, 'quasi nulla ducimus facilis non voluptas aut', 'VcrMK@fake.com'),
(7, 31, 'ex velit ut cum eius odio ad placeat', 'arW64@fake.com'),
(7, 32, 'dolorem architecto ut pariatur quae qui suscipit', 'Sincere@april.biz'),
(7, 33, 'voluptatum totam vel voluptate omnis', 'RoN6T@fake.com'),
(7, 34, 'omnis nemo sunt ab autem', 'RcRMt@fake.com'),
(7, 35, 'repellendus sapiente omnis praesentium aliquam ipsum id molestiae omnis', 'sJX46@fake.com'),
(8, 36, 'sit et quis', 'l3LTj@fake.com'),
(8, 37, 'beatae veniam nemo rerum voluptate quam aspernatur', 'Cra8c@fake.com'),
(8, 38, 'maiores dolores expedita', 'KWdmO@fake.com'),
(8, 39, 'necessitatibus ratione aut ut delectus quae ut', 'Lucio_Hettinger@annie.ca'),
(8, 40, 'non minima omnis deleniti pariatur facere quibusdam at', 'XP6Ud@fake.com'),
(9, 41, 'voluptas deleniti ut', '1wqbE@fake.com'),
(9, 42, 'nam qui et', 'yF49N@fake.com'),
(9, 43, 'molestias sint est voluptatem modi', 'Julianne.OConner@kory.org'),
(9, 44, 'hic molestiae et fuga ea maxime quod', 'hTjn5@fake.com'),
(9, 45, 'autem illo facilis', 'Oukif@fake.com'),
(10, 46, 'dignissimos et deleniti voluptate et quod', 'Lucio_Hettinger@annie.ca'),
(10, 47, 'rerum commodi est non dolor nesciunt ut', 'vEAOp@fake.com'),
(10, 48, 'consequatur animi dolorem saepe repellendus ut quo aut tenetur', 'gEyrr@fake.com'),
(10, 49, 'rerum placeat quae minus iusto eligendi', 'Sincere@april.biz'),
(10, 50, 'dolorum soluta quidem ex quae occaecati dicta aut doloribus', 'a2YH6@fake.com'),
(11, 51, 'molestias et odio ut commodi omnis ex', 'cdtD8@fake.com'),
(11, 52, 'esse autem dolorum', 'uCKjR@fake.com'),
(11, 53, 'maiores alias necessitatibus aut non', 'EZBrS@fake.com'),
(11, 54, 'culpa eius tempora sit consequatur neque iure deserunt', '04ZkU@fake.com'),
(11, 55, 'quas pariatur quia a doloribus', 'zFmnW@fake.com'),
(12, 56, 'et dolorem corrupti sed molestias', 'EEk5n@fake.com'),
(12, 57, 'qui quidem sed', 'SyxAJ@fake.com'),
(12, 58, 'sint minus reiciendis qui perspiciatis id', 'AYnfk@fake.com'),
(12, 59, 'quis ducimus distinctio similique et illum minima ab libero', '5pYgW@fake.com'),
(12, 60, 'expedita libero quos cum commodi ad', 'PG4ov@fake.com'),
(13, 61, 'quidem itaque dolores quod laborum aliquid molestiae', 'dTcWc@fake.com'),
(13, 62, 'libero beatae consequuntur optio est hic', 'SyxAJ@fake.com'),
(13, 63, 'occaecati dolor accusantium et quasi architecto aut eveniet fugiat', '5Dc7E@fake.com'),
(13, 64, 'consequatur aut ullam voluptas dolorum voluptatum sequi et', 'CFpFD@fake.com'),
(13, 65, 'earum ea ratione numquam', '06NgK@fake.com'),
(14, 66, 'eius nam consequuntur', 'RoN6T@fake.com'),
(14, 67, 'omnis consequatur natus distinctio', 'SLisO@fake.com'),
(14, 68, 'architecto ut deserunt consequatur cumque sapiente', 'KWdmO@fake.com'),
(14, 69, 'at aut ea iure accusantium voluptatum nihil ipsum', '9FxqZ@fake.com'),
(14, 70, 'eum magni accusantium labore aut cum et tenetur', 'MRAhc@fake.com'),
(15, 71, 'vel pariatur perferendis vero ab aut voluptates labore', '1wqbE@fake.com'),
(15, 72, 'quia sunt dolor dolor suscipit expedita quis', 'lWybf@fake.com'),
(15, 73, 'ut quia ipsa repellat sunt et sequi aut est', 'WdCes@fake.com'),
(15, 74, 'ut non illum pariatur dolor', 'wLh1B@fake.com'),
(15, 75, 'minus laboriosam consequuntur', 'ccTrk@fake.com'),
(16, 76, 'porro ut soluta repellendus similique', '5o4YB@fake.com'),
(16, 77, 'dolores et quo omnis voluptates', 'XP6Ud@fake.com'),
(16, 78, 'voluptas voluptas voluptatibus blanditiis', '0gSXU@fake.com'),
(16, 79, 'beatae ut ad quisquam sed repellendus et', 'Julianne.OConner@kory.org'),
(16, 80, 'et cumque ad culpa ut eligendi non', 'uWibj@fake.com'),
(17, 81, 'aut non consequuntur dignissimos voluptatibus dolorem earum recusandae dolorem', 'FoNi7@fake.com'),
(17, 82, 'ea est non dolorum iste nihil est', 'hBid9@fake.com'),
(17, 83, 'nihil qui accusamus ratione et molestias et minus', '5FsWx@fake.com'),
(17, 84, 'quia voluptatibus magnam voluptatem optio vel perspiciatis', 'Uc2ax@fake.com'),
(17, 85, 'non voluptas cum est quis aut consectetur nam', 'oSD8k@fake.com'),
(18, 86, 'suscipit est sunt vel illum sint', '7rBrg@fake.com'),
(18, 87, 'dolor asperiores autem et omnis quasi nobis', 'tE6Ju@fake.com'),
(18, 88, 'officiis aperiam odit sint est non', 'e97um@fake.com'),
(18, 89, 'in voluptatum nostrum voluptas iure nisi rerum est placeat', 'YyyJp@fake.com'),
(18, 90, 'eum voluptas dolores molestias odio amet repellendus', 'cu2q5@fake.com'),
(19, 91, 'repellendus est laboriosam voluptas veritatis', 'vHKrr@fake.com'),
(19, 92, 'repellendus aspernatur occaecati tempore blanditiis deleniti omnis qui distinctio', 'xhSJo@fake.com'),
(19, 93, 'mollitia dolor deleniti sed iure laudantium', 'kU5jR@fake.com'),
(19, 94, 'vero repudiandae voluptatem nobis', '5rzPH@fake.com'),
(19, 95, 'voluptatem unde quos provident ad qui sit et excepturi', '06NgK@fake.com'),
(20, 96, 'non sit ad culpa quis', '2Tx1Q@fake.com'),
(20, 97, 'reiciendis culpa omnis suscipit est', 'E0ybY@fake.com'),
(20, 98, 'praesentium dolorem ea voluptate et', 'A3Ypt@fake.com'),
(20, 99, 'laudantium delectus nam', '2QD7P@fake.com'),
(20, 100, 'et sint quia dolor et est ea nulla cum', 'vq5LY@fake.com'),
(21, 101, 'perspiciatis magnam ut eum autem similique explicabo expedita', '07HKj@fake.com'),
(21, 102, 'officia ullam ut neque earum ipsa et fuga', 'GWtSa@fake.com'),
(21, 103, 'ipsum a ut', 'vDyoy@fake.com'),
(21, 104, 'a assumenda totam', '9OHkO@fake.com'),
(21, 105, 'voluptatem repellat est', 'Vf8Ys@fake.com'),
(22, 106, 'maiores placeat facere quam pariatur', 'oUGhF@fake.com'),
(22, 107, 'in ipsam vel id impedit possimus eos voluptate', 'dTcWc@fake.com'),
(22, 108, 'ut veritatis corporis placeat suscipit consequatur quaerat', 'Z7KMT@fake.com'),
(22, 109, 'eveniet ut similique accusantium qui dignissimos', '5Go4t@fake.com'),
(22, 110, 'sint est odit officiis similique aut corrupti quas autem', 'GUK23@fake.com'),
(23, 111, 'possimus facilis deleniti nemo atque voluptate', 'gbZBf@fake.com'),
(23, 112, 'dolore aut aspernatur est voluptate quia ipsam', '3H1MK@fake.com'),
(23, 113, 'sint quo debitis deleniti repellat', 'RVfjw@fake.com'),
(23, 114, 'optio et sunt non', 'EtqiG@fake.com'),
(23, 115, 'occaecati dolorem eum in veniam quia quo reiciendis', 'ttBX1@fake.com'),
(24, 116, 'veritatis sit tempora quasi fuga aut dolorum', '0DqfW@fake.com'),
(24, 117, 'incidunt quae optio quam corporis iste deleniti accusantium vero', 'vIhNh@fake.com'),
(24, 118, 'quisquam laborum reiciendis aut', 'hCrHv@fake.com'),
(24, 119, 'minus pariatur odit', 'ttBX1@fake.com'),
(24, 120, 'harum error sit', 'e6FFF@fake.com'),
(25, 121, 'deleniti quo corporis ullam magni praesentium molestiae', 'cJ2YY@fake.com'),
(25, 122, 'nihil tempora et reiciendis modi veniam', 'xMKcx@fake.com'),
(25, 123, 'ad eos explicabo odio velit', 'wqhG1@fake.com'),
(25, 124, 'nostrum suscipit aut consequatur magnam sunt fuga nihil', 'GUK23@fake.com'),
(25, 125, 'porro et voluptate et reprehenderit', 'KGBcD@fake.com'),
(26, 126, 'fuga tenetur id et qui labore delectus', '70FTx@fake.com'),
(26, 127, 'consequatur harum magnam', '6EFul@fake.com'),
(26, 128, 'labore architecto quaerat tempora voluptas consequuntur animi', 'Is2u4@fake.com'),
(26, 129, 'deleniti facere tempore et perspiciatis voluptas quis voluptatem', 'CLEiB@fake.com'),
(26, 130, 'quod est non quia doloribus quam deleniti libero', 'JUUL5@fake.com'),
(27, 131, 'voluptas quasi sunt laboriosam', 'ZSSJh@fake.com'),
(27, 132, 'unde tenetur vero eum iusto', 'U5Nsq@fake.com'),
(27, 133, 'est adipisci laudantium amet rem asperiores', 'ub2IT@fake.com'),
(27, 134, 'reiciendis quo est vitae dignissimos libero ut officiis fugiat', 'KJBhJ@fake.com'),
(27, 135, 'inventore fugiat dignissimos', 'ICEO7@fake.com'),
(28, 136, 'et expedita est odit', 'JOXqT@fake.com'),
(28, 137, 'saepe dolore qui tempore nihil perspiciatis omnis omnis magni', 'l3LTj@fake.com'),
(28, 138, 'ea optio nesciunt officia velit enim facilis commodi', 'lU6v2@fake.com'),
(28, 139, 'ut pariatur voluptate possimus quasi', 'dcl7T@fake.com'),
(28, 140, 'consectetur tempore eum consequuntur', 'zILwo@fake.com'),
(29, 141, 'dignissimos perspiciatis voluptate quos rem qui temporibus excepturi', 'CGTX2@fake.com'),
(29, 142, 'cum dolore sit quisquam provident nostrum vitae', 'gGlcR@fake.com'),
(29, 143, 'velit molestiae assumenda perferendis voluptas explicabo', 'Sc4hF@fake.com'),
(29, 144, 'earum ipsum ea quas qui molestiae omnis unde', '04ZkU@fake.com'),
(29, 145, 'magni iusto sit', 'Uoi56@fake.com'),
(30, 146, 'est qui debitis', 'SjTui@fake.com'),
(30, 147, 'reiciendis et consectetur officiis beatae corrupti aperiam', '5rzPH@fake.com'),
(30, 148, 'iusto reprehenderit voluptatem modi', 'EQHKD@fake.com'),
(30, 149, 'optio dolorem et reiciendis et recusandae quidem', 'v6jUW@fake.com'),
(30, 150, 'id saepe numquam est facilis sint enim voluptas voluptatem', '5WfHs@fake.com'),
(31, 151, 'ut quas facilis laborum voluptatum consequatur odio voluptate et', 'vLH0l@fake.com'),
(31, 152, 'quod doloremque omnis', 'nR7aX@fake.com'),
(31, 153, 'dolorum et dolorem optio in provident', 'TeKaZ@fake.com'),
(31, 154, 'odit illo optio ea modi in', 'WVeBF@fake.com'),
(31, 155, 'adipisci laboriosam repudiandae omnis veritatis in facere similique rem', 'Cazt6@fake.com'),
(32, 156, 'pariatur omnis in', 'Lucio_Hettinger@annie.ca'),
(32, 157, 'aut nobis et consequatur', 'HWJA2@fake.com'),
(32, 158, 'explicabo est molestiae aut', 'QTYnq@fake.com'),
(32, 159, 'voluptas blanditiis deserunt quia quis', 'oIuH3@fake.com'),
(32, 160, 'sint fugit esse', 'k5RmB@fake.com'),
(33, 161, 'nesciunt quidem veritatis alias odit nisi voluptatem non est', '4gk2b@fake.com'),
(33, 162, 'animi vitae qui aut corrupti neque culpa modi', 'Cra8c@fake.com'),
(33, 163, 'omnis ducimus ab temporibus nobis porro natus deleniti', 'bCj08@fake.com'),
(33, 164, 'eius corrupti ea', 'SiUHj@fake.com'),
(33, 165, 'quia commodi molestiae assumenda provident sit incidunt laudantium', 'MuUts@fake.com'),
(34, 166, 'sint alias molestiae qui dolor vel', 'vHKrr@fake.com'),
(34, 167, 'ea nam iste est repudiandae', 'iI9cx@fake.com'),
(34, 168, 'quis harum voluptatem et culpa', 'TCYUx@fake.com'),
(34, 169, 'dolor dolore similique tempore ducimus', 'DPSP3@fake.com'),
(34, 170, 'cupiditate labore omnis consequatur', 'UuO7T@fake.com'),
(35, 171, 'voluptatibus qui est et', '07PIE@fake.com'),
(35, 172, 'corporis ullam quo', 'ojhtk@fake.com'),
(35, 173, 'nulla accusamus saepe debitis cum', 'aJCPp@fake.com'),
(35, 174, 'iure praesentium ipsam', 'FHWuw@fake.com'),
(35, 175, 'autem totam velit officiis voluptates et ullam rem', '5Dc7E@fake.com'),
(36, 176, 'ipsam deleniti incidunt repudiandae voluptatem maxime provident non dolores', 'bU1gM@fake.com'),
(36, 177, 'ab cupiditate blanditiis ea sunt', 'Z3FmK@fake.com'),
(36, 178, 'rerum ex quam enim sunt', 'eXlvG@fake.com'),
(36, 179, 'et iure ex rerum qui', 'Q2i89@fake.com'),
(36, 180, 'autem tempora a iusto eum aut voluptatum', 'gXfb8@fake.com'),
(37, 181, 'similique ut et non laboriosam in eligendi et', 'nmG44@fake.com'),
(37, 182, 'soluta corporis excepturi consequatur perspiciatis quia voluptatem', 'HWJA2@fake.com'),
(37, 183, 'praesentium quod quidem optio omnis qui', '7mNeV@fake.com'),
(37, 184, 'veritatis velit quasi quo et voluptates dolore', 'cdtD8@fake.com'),
(37, 185, 'natus assumenda ut', 'w5aeF@fake.com'),
(38, 186, 'voluptas distinctio qui similique quasi voluptatem non sit', 'anlMO@fake.com'),
(38, 187, 'maiores iste dolor itaque nemo voluptas', 'DPSP3@fake.com'),
(38, 188, 'quisquam quod quia nihil animi minima facere odit est', '3QJMO@fake.com'),
(38, 189, 'ut iusto asperiores delectus', '4WpTU@fake.com'),
(38, 190, 'dignissimos voluptatibus libero', 'lsKso@fake.com'),
(39, 191, 'est perferendis eos dolores maxime rerum qui', 'Sc4hF@fake.com'),
(39, 192, 'sunt veritatis quisquam est et porro nesciunt excepturi a', 'TZ7qh@fake.com'),
(39, 193, 'quia velit nostrum eligendi voluptates', 'X59bE@fake.com'),
(39, 194, 'non ut sunt ut eius autem ipsa eos sapiente', 'nWr1S@fake.com'),
(39, 195, 'tempore vel accusantium qui quidem esse ut aut', '7o7fK@fake.com'),
(40, 196, 'totam vel saepe aut qui velit quis', '2T7RW@fake.com'),
(40, 197, 'non perspiciatis omnis facere rem', 'tFeif@fake.com'),
(40, 198, 'quod vel enim sit quia ipsa quo dolores', 'J3mMa@fake.com'),
(40, 199, 'pariatur aspernatur nam atque quis', 'DPSP3@fake.com'),
(40, 200, 'aperiam et omnis totam', 'agmQr@fake.com'),
(41, 201, 'et adipisci aliquam a aperiam ut soluta', '8brYJ@fake.com'),
(41, 202, 'blanditiis vel fuga odio qui', 'wp37Y@fake.com'),
(41, 203, 'ab enim adipisci laudantium impedit qui sed', 'QJbFf@fake.com'),
(41, 204, 'autem voluptates voluptas nihil', 'A9iiB@fake.com'),
(41, 205, 'et reiciendis ullam quae', 'JYm25@fake.com'),
(42, 206, 'deserunt eveniet quam vitae velit', 'PG4ov@fake.com'),
(42, 207, 'asperiores sed voluptate est', 'T959D@fake.com'),
(42, 208, 'excepturi aut libero incidunt doloremque at', 'Julianne.OConner@kory.org'),
(42, 209, 'repudiandae consectetur dolore', 'ZQ8pN@fake.com'),
(42, 210, 'quibusdam provident accusamus id aut totam eligendi', 'gr1yB@fake.com'),
(43, 211, 'rerum voluptate dolor', 'eXlvG@fake.com'),
(43, 212, 'et maiores sed temporibus cumque voluptatem sunt necessitatibus in', 'xhSJo@fake.com'),
(43, 213, 'ratione architecto in est voluptatem quibusdam et', 'Is2u4@fake.com'),
(43, 214, 'dicta deserunt tempore', 'SLisO@fake.com'),
(43, 215, 'sint culpa cupiditate ut sit quas qui voluptas qui', '1QzMS@fake.com'),
(44, 216, 'voluptatem esse sint alias', 'pD53d@fake.com'),
(44, 217, 'eos velit velit esse autem minima voluptas', 'qeTtU@fake.com'),
(44, 218, 'voluptatem qui deserunt dolorum in voluptates similique et qui', 'qPo9O@fake.com'),
(44, 219, 'qui unde recusandae omnis ut explicabo neque magni veniam', 'Mj4Xn@fake.com'),
(44, 220, 'vel autem quia in modi velit', 'EEk5n@fake.com'),
(45, 221, 'reprehenderit rem voluptatem voluptate recusandae dolore distinctio', 'dcl7T@fake.com'),
(45, 222, 'rerum aliquam ducimus repudiandae perferendis', 'AXYwn@fake.com'),
(45, 223, 'accusantium aliquid consequuntur minus quae quis et autem', 'jWmh1@fake.com'),
(45, 224, 'eum dolorum ratione vitae expedita', 'qPo9O@fake.com'),
(45, 225, 'occaecati et corrupti expedita', '6EFul@fake.com'),
(46, 226, 'assumenda officia quam ex natus minima sint quia', '9LCBk@fake.com'),
(46, 227, 'omnis error aut doloremque ipsum ducimus', '27xK1@fake.com'),
(46, 228, 'eaque expedita temporibus iure velit eligendi labore dignissimos molestiae', 'junNG@fake.com'),
(46, 229, 'maxime veniam at', 'IHfmq@fake.com'),
(46, 230, 'illo dolor corrupti quia pariatur in', 'sJX46@fake.com'),
(47, 231, 'omnis minima dicta aliquam excepturi', 'ub2IT@fake.com'),
(47, 232, 'voluptatem excepturi sit et sed qui ipsum quam consequatur', 'qhOjC@fake.com'),
(47, 233, 'qui dolores maxime autem enim repellendus culpa nostrum consequuntur', 'JUUL5@fake.com'),
(47, 234, 'natus et necessitatibus animi', 'ZbJBR@fake.com'),
(47, 235, 'odio sed accusantium iure repudiandae officiis ut autem illo', 'hBid9@fake.com'),
(48, 236, 'cupiditate rerum voluptate quo facere repudiandae', 'wViUW@fake.com'),
(48, 237, 'recusandae deserunt possimus voluptatibus ipsam iste consequatur consequatur', 'oIv4E@fake.com'),
(48, 238, 'voluptatem nam ducimus non molestiae', 'PeJpK@fake.com'),
(48, 239, 'voluptatum debitis qui aut voluptas eos quibusdam et', 'NchL8@fake.com'),
(48, 240, 'est dolorem est placeat provident non nihil', '2Tx1Q@fake.com'),
(49, 241, 'reprehenderit inventore soluta ut aliquam', 'r3a6i@fake.com'),
(49, 242, 'quis sit aut vero quo accusamus', '96vKZ@fake.com'),
(49, 243, 'quaerat natus illum', 'eXlvG@fake.com'),
(49, 244, 'labore temporibus ipsa at blanditiis autem', '40tZl@fake.com'),
(49, 245, 'et rerum fuga blanditiis provident eligendi iste eos', 'oGffB@fake.com'),
(50, 246, 'magnam earum qui eaque sunt excepturi', 'wViUW@fake.com'),
(50, 247, 'vel aut blanditiis magni accusamus dolor soluta', 'lwOT3@fake.com'),
(50, 248, 'voluptatum sint dicta voluptas aut ut', '3JzMD@fake.com'),
(50, 249, 'quibusdam dignissimos aperiam sint commodi', 'xhSJo@fake.com'),
(50, 250, 'perferendis magnam natus exercitationem eveniet sunt', 'e2c4x@fake.com'),
(51, 251, 'veritatis sint eius', '1wqbE@fake.com'),
(51, 252, 'qui alias beatae iusto omnis placeat recusandae ut', '27xK1@fake.com'),
(51, 253, 'voluptate ipsum corporis quis provident voluptatem eos asperiores', 'iI9cx@fake.com'),
(51, 254, 'velit inventore et eius saepe', 'beow7@fake.com'),
(51, 255, 'impedit et sapiente et tempore repellendus', 'Lucio_Hettinger@annie.ca'),
(52, 256, 'tempore distinctio quam', 'qeTtU@fake.com'),
(52, 257, 'illum non quod vel voluptas quos', 'hCrHv@fake.com'),
(52, 258, 'omnis quia fugit nisi officiis aspernatur occaecati et', 'VcrMK@fake.com'),
(52, 259, 'animi minima ducimus tempore officiis qui', '5mmfy@fake.com'),
(52, 260, 'qui dolore delectus et omnis quia', 'jMmlL@fake.com'),
(53, 261, 'aut veritatis quasi voluptatem enim dolor soluta temporibus', 'T2io5@fake.com'),
(53, 262, 'ipsa aliquid laborum quidem recusandae dolorum quia', 'dTcWc@fake.com'),
(53, 263, 'vitae voluptatem dolor iure quo non atque', 'FoNi7@fake.com'),
(53, 264, 'cum ab voluptates aut', 'zJHoZ@fake.com'),
(53, 265, 'omnis incidunt est molestias', 'eHJqw@fake.com'),
(54, 266, 'eum enim provident atque eum', 'B4ZG3@fake.com'),
(54, 267, 'ea commodi provident veritatis voluptatem voluptates aperiam', 'FHMTV@fake.com'),
(54, 268, 'eum et eos delectus', 'AYnfk@fake.com'),
(54, 269, 'molestiae vitae pariatur', 'uNVLE@fake.com'),
(54, 270, 'rerum adipisci et ut sit sit dolores', 'la2Qh@fake.com'),
(55, 271, 'et et repellat quasi non ea similique', 'TeKaZ@fake.com'),
(55, 272, 'repudiandae ut velit dignissimos enim rem dolores odit', '4tJMz@fake.com'),
(55, 273, 'et aperiam autem inventore nisi nulla reiciendis velit', '8vs54@fake.com'),
(55, 274, 'et vero nostrum tempore', '7ygVC@fake.com'),
(55, 275, 'error nulla est laudantium similique ad', 'xhSJo@fake.com'),
(56, 276, 'inventore amet ut debitis ipsam reiciendis molestiae autem sed', 'fRRHQ@fake.com'),
(56, 277, 'dolorem aut ipsum alias ex ea quidem nostrum', 'TiStL@fake.com'),
(56, 278, 'est pariatur similique quod voluptas et consequuntur nam molestiae', 'Y6KV4@fake.com'),
(56, 279, 'voluptas nihil aut dolor adipisci non', 'Qz8ch@fake.com'),
(56, 280, 'culpa minima non consequatur sit autem quas sed ipsam', 'l3LTj@fake.com'),
(57, 281, 'consequatur voluptates sed voluptatem fuga', '2j3jY@fake.com'),
(57, 282, 'et vitae culpa corrupti', 'pLE7q@fake.com'),
(57, 283, 'iste molestiae aut hic perspiciatis sint', 'fRRHQ@fake.com'),
(57, 284, 'soluta omnis maiores animi veniam voluptas et totam repellendus', 'bpIdt@fake.com'),
(57, 285, 'non est sunt consequatur reiciendis', 'tPPoi@fake.com'),
(58, 286, 'dolore dignissimos distinctio', 'R0LCM@fake.com'),
(58, 287, 'voluptas ad autem maxime iusto eos dolorem ducimus est', 'Julianne.OConner@kory.org'),
(58, 288, 'numquam eius voluptas quibusdam soluta exercitationem', 'wp37Y@fake.com'),
(58, 289, 'voluptatem aut harum aut corporis dignissimos occaecati sequi quod', 'zJHoZ@fake.com'),
(58, 290, 'suscipit debitis eveniet nobis atque commodi quisquam', 'JXSg6@fake.com'),
(59, 291, 'occaecati et dolorum', 'jWmh1@fake.com'),
(59, 292, 'consequatur et facere similique beatae explicabo eligendi consequuntur', '2Tx1Q@fake.com'),
(59, 293, 'qui sint hic', 'YLdXq@fake.com'),
(59, 294, 'autem totam necessitatibus sit sunt minima aut quis', '3QJMO@fake.com'),
(59, 295, 'ullam dignissimos non aut dolore', 'mPj0w@fake.com'),
(60, 296, 'hic eum sed dolore velit cupiditate quisquam ut inventore', 'Nathan@yesenia.net'),
(60, 297, 'dignissimos dolor facere', '5Go4t@fake.com'),
(60, 298, 'ipsam ut labore voluptatem quis id velit sunt', 'SLisO@fake.com'),
(60, 299, 'laborum asperiores nesciunt itaque', 'yF49N@fake.com'),
(60, 300, 'in dolore iusto ex molestias vero', 'Lucio_Hettinger@annie.ca'),
(61, 301, 'id voluptatibus voluptas occaecati quia sunt eveniet et eius', 'Nathan@yesenia.net'),
(61, 302, 'quia voluptatem sunt voluptate ut ipsa', 'CpgKa@fake.com'),
(61, 303, 'excepturi itaque laudantium reiciendis dolorem', 'CL0QQ@fake.com'),
(61, 304, 'voluptatem quidem animi sit est nemo non omnis molestiae', '9FxqZ@fake.com'),
(61, 305, 'non cum consequatur at nihil aut fugiat delectus quia', 'YyyJp@fake.com'),
(62, 306, 'omnis nisi libero', 'Nathan@yesenia.net'),
(62, 307, 'id ab commodi est quis culpa', 'vq5LY@fake.com'),
(62, 308, 'enim ut optio architecto dolores nemo quos', 'wViUW@fake.com'),
(62, 309, 'maiores et quisquam', 'UOmoz@fake.com'),
(62, 310, 'sed qui atque', 'R0LCM@fake.com'),
(63, 311, 'veritatis nulla consequatur sed cumque', 'Nathan@yesenia.net'),
(63, 312, 'libero et distinctio repudiandae voluptatem dolores', 'TeKaZ@fake.com'),
(63, 313, 'quia enim et', 'mPj0w@fake.com'),
(63, 314, 'enim voluptatem quam', 'jV1nA@fake.com'),
(63, 315, 'maxime nulla perspiciatis ad quo quae consequatur quas', 'KkmDy@fake.com'),
(64, 316, 'totam est minima modi sapiente nobis impedit', 'Nathan@yesenia.net'),
(64, 317, 'iusto pariatur ea', 'v6jUW@fake.com'),
(64, 318, 'vitae porro aut ex est cumque', 'uWibj@fake.com'),
(64, 319, 'et eos praesentium porro voluptatibus quas quidem explicabo est', 'vVALl@fake.com'),
(64, 320, 'fugiat eos commodi consequatur vel qui quasi', 'GUK23@fake.com'),
(65, 321, 'rem ducimus ipsam ut est vero distinctio et', 'Nathan@yesenia.net'),
(65, 322, 'ipsam et commodi', 'hBgGC@fake.com'),
(65, 323, 'et aut non illo cumque pariatur laboriosam', 'Y6KV4@fake.com'),
(65, 324, 'ut ut architecto vero est ipsam', '6iaO9@fake.com'),
(65, 325, 'odit sit numquam rerum porro dolorem', 'I8LaG@fake.com'),
(66, 326, 'voluptatem laborum incidunt accusamus', 'Nathan@yesenia.net'),
(66, 327, 'quisquam necessitatibus commodi iure eum', '2eZBx@fake.com'),
(66, 328, 'temporibus ut vero quas', 'la2Qh@fake.com'),
(66, 329, 'quasi beatae sapiente voluptates quo temporibus', 'tLWgV@fake.com'),
(66, 330, 'illo ab quae deleniti', '6KlDW@fake.com'),
(67, 331, 'nemo cum est officia maiores sint sunt a', 'Nathan@yesenia.net'),
(67, 332, 'dicta vero voluptas hic dolorem', '4SmZo@fake.com'),
(67, 333, 'soluta dicta pariatur reiciendis', '1QzMS@fake.com'),
(67, 334, 'et adipisci laboriosam est modi', 'fulAH@fake.com'),
(67, 335, 'voluptatem accusantium beatae veniam voluptatem quo culpa deleniti', 'Julianne.OConner@kory.org'),
(68, 336, 'eveniet eligendi nisi sunt a error blanditiis et ea', 'Nathan@yesenia.net'),
(68, 337, 'beatae esse tenetur aut est', 'ede2h@fake.com'),
(68, 338, 'qui sit quo est ipsam minima neque nobis', 'gbZBf@fake.com'),
(68, 339, 'accusantium et sit nihil quibusdam voluptatum provident est qui', 'Lucio_Hettinger@annie.ca'),
(68, 340, 'rerum et quae tenetur soluta voluptatem tempore laborum enim', 'CKX4t@fake.com'),
(69, 341, 'sunt ut voluptatem cupiditate maxime dolores eligendi', 'Nathan@yesenia.net'),
(69, 342, 'corporis at consequuntur consequatur', 'sJdJj@fake.com'),
(69, 343, 'repellat sed consequatur suscipit aliquam', '4p0pm@fake.com'),
(69, 344, 'blanditiis rerum voluptatem quaerat modi saepe ratione assumenda qui', 'zGmf9@fake.com'),
(69, 345, 'ut deleniti autem ullam quod provident ducimus enim explicabo', 'l3LTj@fake.com'),
(70, 346, 'beatae in fuga assumenda dolorem accusantium blanditiis mollitia', 'Nathan@yesenia.net'),
(70, 347, 'tenetur id delectus recusandae voluptates quo aut', 'kpCLp@fake.com'),
(70, 348, 'molestias natus autem quae sint qui', 'lv0Zc@fake.com'),
(70, 349, 'odio maiores a porro dolorum ut pariatur inventore', 'GWtSa@fake.com'),
(70, 350, 'eius quia pariatur', '2Tx1Q@fake.com'),
(71, 351, 'quia ex perspiciatis sunt voluptatem quidem', 'Z2WtJ@fake.com'),
(71, 352, 'sit ipsam voluptatem velit', 'QZMyr@fake.com'),
(71, 353, 'consequatur reprehenderit similique vitae dolor debitis', 'L4Iee@fake.com'),
(71, 354, 'eligendi tempora eum deserunt', '9bDIE@fake.com'),
(71, 355, 'reiciendis ad ea', 'la2Qh@fake.com'),
(72, 356, 'qui vel id qui est', '9LCBk@fake.com'),
(72, 357, 'consectetur totam fugit et occaecati minima aliquid hic adipisci', 'QJbFf@fake.com'),
(72, 358, 'accusantium natus ex et consequuntur neque', 'DKzug@fake.com'),
(72, 359, 'esse quia quidem quisquam consequatur nisi deleniti', 'zGo9v@fake.com'),
(72, 360, 'rerum tempore facilis ut quod sit', 'ttBX1@fake.com'),
(73, 361, 'voluptates qui et corporis', 'WdCes@fake.com'),
(73, 362, 'quia qui quia qui', 'UuO7T@fake.com'),
(73, 363, 'nihil consequatur quibusdam', '06NgK@fake.com'),
(73, 364, 'vel architecto assumenda et maiores', 'zFmnW@fake.com'),
(73, 365, 'aliquam officiis omnis', 'RcRMt@fake.com'),
(74, 366, 'aperiam ut deserunt minus quo dicta nisi', 'QZMyr@fake.com'),
(74, 367, 'praesentium eos quam eius optio eveniet', 'L4Iee@fake.com'),
(74, 368, 'fugiat aliquid sint', '2hV6p@fake.com'),
(74, 369, 'qui incidunt vel iusto eligendi amet quia qui', 'zGmf9@fake.com'),
(74, 370, 'libero vero voluptatum sed facilis quos aut reprehenderit ad', 'a2YH6@fake.com'),
(75, 371, 'ut quia sequi sed eius voluptas', 'X59bE@fake.com'),
(75, 372, 'qui cumque eos consequatur fuga ut', 'CGTX2@fake.com'),
(75, 373, 'nemo voluptatum quo qui atque', 'cdtD8@fake.com'),
(75, 374, 'quam exercitationem alias totam', '7mNeV@fake.com'),
(75, 375, 'similique doloribus odit quas magnam omnis dolorem dolore et', 'hBgGC@fake.com'),
(76, 376, 'dolorem qui architecto provident', 'EEk5n@fake.com'),
(76, 377, 'nemo hic sapiente placeat quidem omnis', '1KdqX@fake.com'),
(76, 378, 'vitae aut perspiciatis quia enim voluptas', 'J2LRs@fake.com'),
(76, 379, 'est qui quos exercitationem', 'dTcWc@fake.com'),
(76, 380, 'similique fugiat tenetur ea incidunt numquam', '1KdqX@fake.com'),
(77, 381, 'sint porro optio voluptatem', 'eHl0v@fake.com'),
(77, 382, 'eius itaque ut ipsa quia quis labore', 'gEyrr@fake.com'),
(77, 383, 'provident voluptas perferendis quibusdam libero', 'lWybf@fake.com'),
(77, 384, 'et et voluptas et eligendi distinctio accusantium temporibus enim', 'yF49N@fake.com'),
(77, 385, 'qui voluptates molestias necessitatibus eos odio quo minima', 'jV1nA@fake.com'),
(78, 386, 'temporibus minus debitis deleniti repellat unde eveniet', 'O2p5I@fake.com'),
(78, 387, 'magnam nihil delectus dolor natus ab ea et', '927GM@fake.com'),
(78, 388, 'laudantium quibusdam blanditiis pariatur non vero deleniti a perferendis', 'ccTrk@fake.com'),
(78, 389, 'excepturi nam cum molestiae et totam voluptatem nisi', 'FHMTV@fake.com'),
(78, 390, 'temporibus aut et', 'EEk5n@fake.com'),
(79, 391, 'sed ratione nesciunt odit expedita', 'EQHKD@fake.com'),
(79, 392, 'rerum officiis qui quaerat omnis dolorem iure est repudiandae', 'BHreb@fake.com'),
(79, 393, 'illo quis nostrum accusantium architecto et aliquam ratione', 'w5aeF@fake.com'),
(79, 394, 'reprehenderit eos voluptatem ut', 'gu3Du@fake.com'),
(79, 395, 'excepturi esse laborum ut qui culpa', 'AXYwn@fake.com'),
(80, 396, 'qui eos vitae possimus reprehenderit voluptatem voluptatem repellendus', '9mKfL@fake.com'),
(80, 397, 'quasi exercitationem molestias dolore non non sed est', 'CL0QQ@fake.com'),
(80, 398, 'labore consequuntur vel qui', 'f7Fbm@fake.com'),
(80, 399, 'sunt ut eos', 'vVALl@fake.com'),
(80, 400, 'quia aut consequatur sunt iste aliquam impedit sit', '27xK1@fake.com'),
(81, 401, 'cum voluptate sint voluptas veritatis', 'QTYnq@fake.com'),
(81, 402, 'ut eos mollitia eum eius', 'UMsRh@fake.com'),
(81, 403, 'architecto voluptatum eos blanditiis aliquam debitis beatae nesciunt dolorum', 'Lucio_Hettinger@annie.ca'),
(81, 404, 'officia qui ut explicabo eos fugit', '1KdqX@fake.com'),
(81, 405, 'incidunt commodi voluptatem maiores asperiores blanditiis omnis ratione', 'PZzHq@fake.com'),
(82, 406, 'sint eaque rerum voluptas fugiat quia qui', 'oP43q@fake.com'),
(82, 407, 'eius tempora sint reprehenderit', 'CGTX2@fake.com'),
(82, 408, 'non excepturi enim est sapiente numquam repudiandae illo', 'yF49N@fake.com'),
(82, 409, 'dicta dolor voluptate vel praesentium', '0apSm@fake.com'),
(82, 410, 'et dolore hic a cupiditate beatae natus iusto soluta', 'vDyoy@fake.com'),
(83, 411, 'hic rem eligendi tenetur ipsum dolore maxime eum', 'TeKaZ@fake.com'),
(83, 412, 'quaerat et quia accusamus provident earum cumque', 'Oukif@fake.com'),
(83, 413, 'atque porro quo voluptas', 'xDgDE@fake.com'),
(83, 414, 'ut qui voluptatem hic maxime', 'KGBcD@fake.com'),
(83, 415, 'rerum consequatur ut et voluptate harum amet accusantium est', 'agmQr@fake.com'),
(84, 416, 'neque nemo consequatur ea fugit aut esse suscipit dolore', 'WVeBF@fake.com'),
(84, 417, 'quia reiciendis nobis minima quia et saepe', 'yF49N@fake.com'),
(84, 418, 'nesciunt voluptates amet sint et delectus et dolore culpa', 'EH9iO@fake.com'),
(84, 419, 'omnis voluptate dolorem similique totam', 'Q2i89@fake.com'),
(84, 420, 'aut recusandae a sit voluptas explicabo nam et', 'vHKrr@fake.com'),
(85, 421, 'non eligendi ipsam provident', 'ICEO7@fake.com'),
(85, 422, 'sit molestiae corporis', 'Julianne.OConner@kory.org'),
(85, 423, 'assumenda iure a', 'FHWuw@fake.com'),
(85, 424, 'molestiae dolores itaque dicta earum eligendi dolores', '2T7RW@fake.com'),
(85, 425, 'cumque expedita consequatur qui', '3H1MK@fake.com'),
(86, 426, 'deleniti tempora non quia et aut', 'zGo9v@fake.com'),
(86, 427, 'delectus illum minus odit', 'Q2i89@fake.com'),
(86, 428, 'voluptas dolores dolor nisi voluptatem ratione rerum', 'UT0XF@fake.com'),
(86, 429, 'sed omnis dolore aperiam', 'fulAH@fake.com'),
(86, 430, 'sint ullam alias et at et', '3JzMD@fake.com'),
(87, 431, 'velit incidunt ut accusantium odit maiores quaerat', 'iI9cx@fake.com'),
(87, 432, 'quod quia nihil nisi perferendis laborum blanditiis tempora eos', 'vEAOp@fake.com'),
(87, 433, 'qui ea voluptatem reiciendis enim enim nisi aut', 'QCOO3@fake.com'),
(87, 434, 'doloremque eligendi quas voluptatem non quos ex', 'r2MD2@fake.com'),
(87, 435, 'id voluptatum nulla maiores ipsa eos', 'Mj4Xn@fake.com'),
(88, 436, 'ea illo ab et maiores eaque non nobis', 'eQ8pg@fake.com'),
(88, 437, 'magni asperiores in cupiditate', 'v6jUW@fake.com'),
(88, 438, 'ullam autem aliquam', '4gk2b@fake.com'),
(88, 439, 'voluptates quasi minus dolorem itaque nemo', 'OBozd@fake.com'),
(88, 440, 'adipisci sapiente libero beatae quas eveniet', 'Mj4Xn@fake.com'),
(89, 441, 'nisi qui voluptates recusandae voluptas assumenda et', '4gk2b@fake.com'),
(89, 442, 'sed molestias sit voluptatibus sit aut alias sunt inventore', 'BHreb@fake.com'),
(89, 443, 'illum pariatur aliquam esse nisi voluptas quisquam ea', 'vxQy9@fake.com'),
(89, 444, 'incidunt aut qui quis est sit corporis pariatur qui', 'jV1nA@fake.com'),
(89, 445, 'temporibus adipisci eveniet libero ullam', 'e97um@fake.com'),
(90, 446, 'dicta excepturi aut est dolor ab dolores rerum', 'gyQXD@fake.com'),
(90, 447, 'molestiae qui quod quo', 'FHMTV@fake.com'),
(90, 448, 'pariatur consequatur sit commodi aliquam', 'CFpFD@fake.com'),
(90, 449, 'sunt quia soluta quae sit deleniti dolor ullam veniam', 'Lucio_Hettinger@annie.ca'),
(90, 450, 'dolorem corporis facilis et', 'PeJpK@fake.com'),
(91, 451, 'maiores ut dolores quo sapiente nisi', 'O2p5I@fake.com'),
(91, 452, 'quia excepturi in harum repellat consequuntur est vel qui', 'gXfb8@fake.com'),
(91, 453, 'doloremque ut est eaque', '6EonY@fake.com'),
(91, 454, 'magni quos voluptatibus earum et inventore suscipit', 'c1447@fake.com'),
(91, 455, 'assumenda qui et aspernatur', '5WfHs@fake.com'),
(92, 456, 'quod voluptatem qui qui sit sed maiores fugit', 'THWMd@fake.com'),
(92, 457, 'ipsa animi saepe veritatis voluptatibus ad amet id aut', 'fTJ61@fake.com'),
(92, 458, 'fugiat consectetur saepe dicta', 'qhOjC@fake.com'),
(92, 459, 'nesciunt numquam alias doloremque minus ipsam optio', 'pxhM6@fake.com'),
(92, 460, 'eum fugit omnis optio', '62Akw@fake.com'),
(93, 461, 'perferendis nobis praesentium accusantium culpa et et', 'gEyrr@fake.com'),
(93, 462, 'assumenda quia sint', 'Julianne.OConner@kory.org'),
(93, 463, 'cupiditate quidem corporis totam tenetur rem nesciunt et', 'XrvUZ@fake.com'),
(93, 464, 'quisquam quaerat rerum dolor asperiores doloremque', 'FoNi7@fake.com'),
(93, 465, 'est sunt est nesciunt distinctio quaerat reprehenderit in vero', 'pD53d@fake.com'),
(94, 466, 'impedit autem distinctio omnis ipsam voluptas eaque', '7mNeV@fake.com'),
(94, 467, 'voluptas unde perferendis ut eaque dicta', 'ZQ8pN@fake.com'),
(94, 468, 'nam praesentium est ipsa libero aut', 'Nathan@yesenia.net'),
(94, 469, 'vel eum quia esse sapiente', 'HY8Ap@fake.com'),
(94, 470, 'deleniti vitae alias distinctio dignissimos ab accusantium pariatur dicta', 'MYrns@fake.com'),
(95, 471, 'nihil ad debitis rerum optio est cumque sed voluptates', 'Julianne.OConner@kory.org'),
(95, 472, 'aspernatur ex dolor optio', 'Julianne.OConner@kory.org'),
(95, 473, 'quaerat et excepturi autem animi fuga', 'ApxRq@fake.com'),
(95, 474, 'natus consequatur deleniti ipsum delectus', 'Nathan@yesenia.net'),
(95, 475, 'cumque consequuntur excepturi consequatur consequatur est', 'uNVLE@fake.com'),
(96, 476, 'quia hic adipisci modi fuga aperiam', 'beow7@fake.com'),
(96, 477, 'ut occaecati non', 'iYTS9@fake.com'),
(96, 478, 'quo error dignissimos numquam qui nam fugit voluptates et', 'KKiPa@fake.com'),
(96, 479, 'distinctio minima error aspernatur reiciendis inventore quo', 'VcrMK@fake.com'),
(96, 480, 'accusantium quo error repudiandae', '9FxqZ@fake.com'),
(97, 481, 'recusandae dolor similique autem saepe voluptate aut vel sit', 'zGmf9@fake.com'),
(97, 482, 'placeat eveniet sunt ut quis', 'yHp8R@fake.com'),
(97, 483, 'a ipsa nihil sed impedit', 'Julianne.OConner@kory.org'),
(97, 484, 'hic inventore sint aut', 'Nathan@yesenia.net'),
(97, 485, 'enim asperiores illum', 'KKiPa@fake.com'),
(98, 486, 'et aut qui eaque porro quo quis velit rerum', 'Shanna@melissa.tv'),
(98, 487, 'sunt omnis aliquam labore eveniet', 'Shanna@melissa.tv'),
(98, 488, 'quo neque dolorem dolorum non incidunt', 'Shanna@melissa.tv'),
(98, 489, 'aut quia et corporis voluptas quisquam voluptatem', 'Shanna@melissa.tv'),
(98, 490, 'et eum provident maxime beatae minus et doloremque perspiciatis', 'Shanna@melissa.tv'),
(99, 491, 'eos enim odio', 'fNfAr@fake.com'),
(99, 492, 'consequatur alias ab fuga tenetur maiores modi', 'zfCiQ@fake.com'),
(99, 493, 'ut praesentium sit eos rerum tempora', 'Nathan@yesenia.net'),
(99, 494, 'molestias facere soluta mollitia totam dolorem commodi itaque', 'KGBcD@fake.com'),
(99, 495, 'dolor ut ut aut molestiae esse et tempora numquam', 'EH9iO@fake.com'),
(100, 496, 'et occaecati asperiores quas voluptas ipsam nostrum', 'TiStL@fake.com'),
(100, 497, 'doloribus dolores ut dolores occaecati', 'lU6v2@fake.com'),
(100, 498, 'dolores minus aut libero', 'VcrMK@fake.com'),
(100, 499, 'excepturi sunt cum a et rerum quo voluptatibus quia', 'wkUkb@fake.com'),
(100, 500, 'ex eaque eum natus', 'aJaWh@fake.com');
INSERT INTO posts VALUES
(NULL, 1, 'sunt aut facere repellat provident occaecati excepturi optio reprehenderit'),
(NULL, 2, 'qui est esse'),
(NULL, 3, 'ea molestias quasi exercitationem repellat qui ipsa sit aut'),
(NULL, 4, 'eum et est occaecati'),
(NULL, 5, 'nesciunt quas odio'),
(NULL, 6, 'dolorem eum magni eos aperiam quia'),
(NULL, 7, 'magnam facilis autem'),
(NULL, 8, 'dolorem dolore est ipsam'),
(NULL, 9, 'nesciunt iure omnis dolorem tempora et accusantium'),
(NULL, 10, 'optio molestias id quia eum'),
(NULL, 11, 'et ea vero quia laudantium autem'),
(NULL, 12, 'in quibusdam tempore odit est dolorem'),
(NULL, 13, 'dolorum ut in voluptas mollitia et saepe quo animi'),
(NULL, 14, 'voluptatem eligendi optio'),
(NULL, 15, 'eveniet quod temporibus'),
(NULL, 16, 'sint suscipit perspiciatis velit dolorum rerum ipsa laboriosam odio'),
(NULL, 17, 'fugit voluptas sed molestias voluptatem provident'),
(NULL, 18, 'voluptate et itaque vero tempora molestiae'),
(NULL, 19, 'adipisci placeat illum aut reiciendis qui'),
(NULL, 20, 'doloribus ad provident suscipit at'),
(NULL, 21, 'asperiores ea ipsam voluptatibus modi minima quia sint'),
(NULL, 22, 'dolor sint quo a velit explicabo quia nam'),
(NULL, 23, 'maxime id vitae nihil numquam'),
(NULL, 24, 'autem hic labore sunt dolores incidunt'),
(NULL, 25, 'rem alias distinctio quo quis'),
(NULL, 26, 'est et quae odit qui non'),
(NULL, 27, 'quasi id et eos tenetur aut quo autem'),
(NULL, 28, 'delectus ullam et corporis nulla voluptas sequi'),
(NULL, 29, 'iusto eius quod necessitatibus culpa ea'),
(NULL, 30, 'a quo magni similique perferendis'),
(NULL, 31, 'ullam ut quidem id aut vel consequuntur'),
(NULL, 32, 'doloremque illum aliquid sunt'),
(NULL, 33, 'qui explicabo molestiae dolorem'),
(NULL, 34, 'magnam ut rerum iure'),
(NULL, 35, 'id nihil consequatur molestias animi provident'),
(NULL, 36, 'fuga nam accusamus voluptas reiciendis itaque'),
(NULL, 37, 'provident vel ut sit ratione est'),
(NULL, 38, 'explicabo et eos deleniti nostrum ab id repellendus'),
(NULL, 39, 'eos dolorem iste accusantium est eaque quam'),
(NULL, 40, 'enim quo cumque'),
(NULL, 41, 'non est facere'),
(NULL, 42, 'commodi ullam sint et excepturi error explicabo praesentium voluptas'),
(NULL, 43, 'eligendi iste nostrum consequuntur adipisci praesentium sit beatae perferendis'),
(NULL, 44, 'optio dolor molestias sit'),
(NULL, 45, 'ut numquam possimus omnis eius suscipit laudantium iure'),
(NULL, 46, 'aut quo modi neque nostrum ducimus'),
(NULL, 47, 'quibusdam cumque rem aut deserunt'),
(NULL, 48, 'ut voluptatem illum ea doloribus itaque eos'),
(NULL, 49, 'laborum non sunt aut ut assumenda perspiciatis voluptas'),
(NULL, 50, 'repellendus qui recusandae incidunt voluptates tenetur qui omnis exercitationem'),
(NULL, 51, 'soluta aliquam aperiam consequatur illo quis voluptas'),
(NULL, 52, 'qui enim et consequuntur quia animi quis voluptate quibusdam'),
(NULL, 53, 'ut quo aut ducimus alias'),
(NULL, 54, 'sit asperiores ipsam eveniet odio non quia'),
(NULL, 55, 'sit vel voluptatem et non libero'),
(NULL, 56, 'qui et at rerum necessitatibus'),
(NULL, 57, 'sed ab est est'),
(NULL, 58, 'voluptatum itaque dolores nisi et quasi'),
(NULL, 59, 'qui commodi dolor at maiores et quis id accusantium'),
(NULL, 60, 'consequatur placeat omnis quisquam quia reprehenderit fugit veritatis facere'),
(NULL, 61, 'voluptatem doloribus consectetur est ut ducimus'),
(NULL, 62, 'beatae enim quia vel'),
(NULL, 63, 'voluptas blanditiis repellendus animi ducimus error sapiente et suscipit'),
(NULL, 64, 'et fugit quas eum in in aperiam quod'),
(NULL, 65, 'consequatur id enim sunt et et'),
(NULL, 66, 'repudiandae ea animi iusto'),
(NULL, 67, 'aliquid eos sed fuga est maxime repellendus'),
(NULL, 68, 'odio quis facere architecto reiciendis optio'),
(NULL, 69, 'fugiat quod pariatur odit minima'),
(NULL, 70, 'voluptatem laborum magni'),
(NULL, 71, 'et iusto veniam et illum aut fuga'),
(NULL, 72, 'sint hic doloribus consequatur eos non id'),
(NULL, 73, 'consequuntur deleniti eos quia temporibus ab aliquid at'),
(NULL, 74, 'enim unde ratione doloribus quas enim ut sit sapiente'),
(NULL, 75, 'dignissimos eum dolor ut enim et delectus in'),
(NULL, 76, 'doloremque officiis ad et non perferendis'),
(NULL, 77, 'necessitatibus quasi exercitationem odio'),
(NULL, 78, 'quam voluptatibus rerum veritatis'),
(NULL, 79, 'pariatur consequatur quia magnam autem omnis non amet'),
(NULL, 80, 'labore in ex et explicabo corporis aut quas'),
(NULL, 81, 'tempora rem veritatis voluptas quo dolores vero'),
(NULL, 82, 'laudantium voluptate suscipit sunt enim enim'),
(NULL, 83, 'odit et voluptates doloribus alias odio et'),
(NULL, 84, 'optio ipsam molestias necessitatibus occaecati facilis veritatis dolores aut'),
(NULL, 85, 'dolore veritatis porro provident adipisci blanditiis et sunt'),
(NULL, 86, 'placeat quia et porro iste'),
(NULL, 87, 'nostrum quis quasi placeat'),
(NULL, 88, 'sapiente omnis fugit eos'),
(NULL, 89, 'sint soluta et vel magnam aut ut sed qui'),
(NULL, 90, 'ad iusto omnis odit dolor voluptatibus'),
(NULL, 91, 'aut amet sed'),
(NULL, 92, 'ratione ex tenetur perferendis'),
(NULL, 93, 'beatae soluta recusandae'),
(NULL, 94, 'qui qui voluptates illo iste minima'),
(NULL, 95, 'id minus libero illum nam ad officiis'),
(NULL, 96, 'quaerat velit veniam amet cupiditate aut numquam ut sequi'),
(NULL, 97, 'quas fugiat ut perspiciatis vero provident'),
(NULL, 98, 'laboriosam dolor voluptates'),
(NULL, 99, 'temporibus sit alias delectus eligendi possimus magni'),
(NULL, 100, 'at nam consequatur ea labore ea harum');
